,BiasAdjustedAbsReturn,NaiveForecast,GARCHForecast,EGARCHForecast
2024-01-02,0.11165563334658608,0.0813241442193356,0.1010678624064382,0.0982854774944699
2024-01-03,0.16314796683232463,0.0842393433779978,0.1043799113632743,0.1112546312114898
2024-01-04,0.06419046218596786,0.089046667614103,0.1149710857411279,0.1316601723875796
2024-01-05,0.027233269836140567,0.0880175395957462,0.1103098100698103,0.1320634209896201
2024-01-08,0.282020374765811,0.087475180706944,0.1029820376316459,0.1216491235980323
2024-01-09,0.030205992463706952,0.0949927548421547,0.1312117653388776,0.1185342111373474
2024-01-10,0.11220270750743856,0.0953735697965429,0.1219001662946195,0.115333512447327
2024-01-11,0.008773389521690463,0.0955945946923941,0.1172570014062926,0.1089720666112302
2024-01-12,0.013779957268083008,0.095778813562354,0.109206058330607,0.1036846144543603
2024-01-16,0.07317385166651569,0.0955635551941898,0.1019907338518549,0.0964318580465501
2024-01-17,0.1109028968480476,0.0965698654053591,0.1005011363936614,0.1029539478249063
2024-01-18,0.1761470225686028,0.0977071543585121,0.1038395388412605,0.1151166378137644
2024-01-19,0.246488804033842,0.0983090212320205,0.1110291218477078,0.1102885193156542
2024-01-22,0.042021600253287925,0.103020588125972,0.1289122466297027,0.1077410287607191
2024-01-23,0.05794364615833124,0.1014341788603514,0.1191790403948564,0.100662578724731
2024-01-24,0.021736818505604678,0.1001563712731617,0.1113564092493835,0.094784997370487
2024-01-25,0.10791916383739457,0.0999545727303327,0.1038300767684241,0.0887385082779799
2024-01-26,0.02529287586007269,0.1003180955525226,0.102054414770767,0.0853957473916844
2024-01-29,0.15693991885293979,0.1004304743434334,0.0969525837642226,0.0854094908188274
2024-01-30,0.015393882500471896,0.0957376215015815,0.1028786199777952,0.0836155408048617
2024-01-31,0.32732446833523565,0.0958434557723193,0.0972175461257639,0.0822735705932823
2024-02-01,0.2587097494258652,0.1087288240173926,0.1473695896912364,0.1477817224717252
2024-02-02,0.20835615592901557,0.1134904270147812,0.1572685774635323,0.1406799709400182
2024-02-05,0.07257651923786589,0.1158294914500405,0.1571298219201882,0.133341129770372
2024-02-06,0.05767997979330699,0.1075585811993865,0.14647287059806,0.1348532660224179
2024-02-07,0.1652509340142395,0.1051053334584363,0.1347803678792024,0.1247782038211455
2024-02-08,0.008784503802479091,0.1069552536521107,0.1335124920506492,0.1184842630886903
2024-02-09,0.1146556995287531,0.1067366073886645,0.1228890197687809,0.1094366007066812
2024-02-12,0.008736511800647589,0.1074322232110081,0.1182993716265267,0.1038492001409501
2024-02-13,0.2759284602634542,0.1075445249461715,0.110095753481436,0.0991679620621966
2024-02-14,0.1799892955279096,0.1159532098266189,0.1420277887747964,0.1456006914863422
2024-02-15,0.1368051058612559,0.1161529423285023,0.1411922412065228,0.1369462356737
2024-02-16,0.09933031403874423,0.1130748442730988,0.1355700458539435,0.1284260235797304
2024-02-20,0.10983503511392229,0.1139351108481583,0.1305820018885247,0.1349880248528051
2024-02-21,0.018013794541920314,0.116112910929577,0.1276002999403007,0.1423620919003964
2024-02-22,0.4075505762396306,0.1102365634629071,0.1177545184926391,0.1304103900897009
2024-02-23,0.013715296989986013,0.1226575330196853,0.1703786401562455,0.1292087500744251
2024-02-26,0.0730022734353222,0.122319631810523,0.1549436898629025,0.1188482855388579
2024-02-27,0.036926994451001324,0.1232611228090803,0.1446380082172483,0.1223907884412322
2024-02-28,0.026312419372796134,0.1231990016168959,0.1326654097533808,0.1134147806285086
2024-02-29,0.07139630669487806,0.1224340244467882,0.1229848437915136,0.1102555535279621
2024-03-01,0.1859140207453079,0.120285393327826,0.1152257440414732,0.1035582725626507
2024-03-04,0.02134640375782517,0.1205212091927195,0.121122172581272,0.1003678896121029
2024-03-05,0.19984341288138466,0.1171435079997374,0.1129130247104396,0.0980271911804834
2024-03-06,0.10056343976782818,0.1222326730969675,0.1277722206365184,0.1280313038944815
2024-03-07,0.19651795155803076,0.1225900995656277,0.1211712922722807,0.1198152150610493
2024-03-08,0.11977581451852334,0.1248544313867969,0.1272890275391274,0.1148856143141331
2024-03-11,0.017116192079696304,0.1264914668474362,0.1260951841397518,0.1268778383260055
2024-03-12,0.21288009147567835,0.1264165520690131,0.1170169735077151,0.1206257346579861
2024-03-13,0.031206793373098052,0.1278871565018021,0.1268988701402395,0.1159832747173691
2024-03-14,0.0393704847854249,0.1280407233324283,0.1182573566108976,0.1132583786390742
2024-03-15,0.1370870331185944,0.1166104005066124,0.1113338969335165,0.1121472393860963
2024-03-18,0.11789352529584535,0.1147504154764602,0.1159119217072283,0.1276221589430559
2024-03-19,0.11025635864704285,0.1123866164634648,0.1128774509304021,0.119860312336206
2024-03-20,0.183180326853142,0.1120058835977616,0.1096494101574441,0.1128949228113772
2024-03-21,0.06563332884073617,0.1140970118857704,0.1164922236962733,0.1085076452772969
2024-03-22,0.03774964149510618,0.1125456859481949,0.1094240986812837,0.1018856170625651
2024-03-25,0.055042308240431145,0.1129723853418109,0.1038034532565722,0.101929817848347
2024-03-26,0.036784460231472034,0.1129462236331083,0.1003372425180887,0.1047448062874291
2024-03-27,0.16650608382435475,0.113210190960911,0.0961620018626557,0.1042864511076489
2024-03-28,0.0038048018603230476,0.1054516909457153,0.1037914936962847,0.1005445089264312
2024-04-01,0.03464857758705382,0.1034758261614026,0.0976327693957044,0.0955077633246376
2024-04-02,0.12689893008776595,0.1027434170640329,0.093786819695107,0.0958294352632673
2024-04-03,0.021842981352989257,0.1035695289723528,0.1011491648312006,0.1119824992224406
2024-04-04,0.2443459874947932,0.1014994458147511,0.0952813191784664,0.1040327488278177
2024-04-05,0.20677106005374923,0.1091769990619333,0.1251059758419952,0.1418507657768117
2024-04-08,0.011128468344091945,0.0968717831359787,0.1316946666211603,0.1342620388364254
2024-04-09,0.02299954036571906,0.0968739660040356,0.1214907640013468,0.1233376123896502
2024-04-10,0.20022350146617818,0.095940454463829,0.1126789418546303,0.1140373850937703
2024-04-11,0.14958551902730774,0.1010669181739386,0.1273772959644857,0.1408641616598356
2024-04-12,0.27653205775678463,0.1028584737234769,0.1256331191550668,0.1321306028201275
2024-04-15,0.25083174413594805,0.1110034025654056,0.1515409053097457,0.1705385904427973
2024-04-16,0.03631998119324227,0.1136361599928483,0.1646729426566085,0.1966611001713014
2024-04-17,0.11809632237194959,0.1136930974818913,0.1512445323023791,0.1838341139691111
2024-04-18,0.040980520534702775,0.1112851718444809,0.1455300266687525,0.1853501598215492
2024-04-19,0.1744215359085338,0.1101959428131997,0.1348694882617921,0.1748411547711942
2024-04-22,0.1823853192309458,0.1080605130451453,0.1394821489680305,0.1869241950434287
2024-04-23,0.23470573623954064,0.1110885487339771,0.13940240958494,0.1726314892413478
2024-04-24,0.0094445706924524,0.1168262243994616,0.1470020725429404,0.1614984885315244
2024-04-25,0.07572954829268193,0.1121058522857062,0.1350577388756778,0.1496866735361434
2024-04-26,0.1876053388197281,0.1124543025515283,0.1281349348319986,0.149493736676544
2024-04-29,0.070334861847475,0.1161386799223841,0.1311485348913115,0.1404685716769128
2024-04-30,0.31769482069123794,0.1149478204010475,0.122273751805433,0.1300406042575399
2024-05-01,0.06471208208927265,0.1224353907941099,0.1585406931540515,0.1774927548037186
2024-05-02,0.18522771849637998,0.1211769267351818,0.1473546810083817,0.1716669636719279
2024-05-03,0.24509848776792859,0.1212526503560814,0.1460826778321654,0.1595772972172984
2024-05-06,0.2044056965006561,0.1267292019495947,0.1537527585099859,0.1504737611490314
2024-05-07,0.02194494806120052,0.1305839848382429,0.1537051087114904,0.1416915944351217
2024-05-08,0.0019218952274956099,0.1304298637994717,0.1406236485084327,0.1300512969223076
2024-05-09,0.11430880010448732,0.1303339849879838,0.1293186425950843,0.1207011614822585
2024-05-10,0.025613778687623726,0.1290675305277534,0.1236703945870248,0.1137403576946734
2024-05-13,0.00266837620190511,0.1291387034848222,0.1145746755335754,0.1056635243925283
2024-05-14,0.09107851262847387,0.1290512680102638,0.1068276010670392,0.0991677260708712
2024-05-15,0.24485503047776214,0.1283092647331878,0.1030416456653875,0.0942532466806194
2024-05-16,0.04098044625962453,0.1329547092876746,0.1227389095593352,0.0934320419605617
2024-05-17,0.02858517336180551,0.1274983655352921,0.1153563649603373,0.0950537257842501
2024-05-20,0.022905423452882927,0.1243687060543275,0.1074560170837693,0.089210358030054
2024-05-21,0.04873626426011662,0.1243746742919978,0.1006498553809902,0.0838873407561533
2024-05-22,0.057370371853248885,0.1244704717423461,0.0954188331480366,0.0797166696476443
2024-05-23,0.14585744272370205,0.1207262419778658,0.0937327813466879,0.0856523990733794
2024-05-24,0.13120689438981994,0.121431898961196,0.1040923798800248,0.1068686388523293
2024-05-28,0.01389732774638209,0.1146395076663478,0.104800743594375,0.1019593243429618
2024-05-29,0.13980791459055555,0.1069508518997952,0.0983763992554076,0.095007623432177
2024-05-30,0.13242086580898418,0.1094466875503012,0.1064681010896667,0.1135421111505858
2024-05-31,0.18039083481559137,0.1098885486659462,0.1114044116396411,0.1278946995564673
2024-06-03,0.01621557050403131,0.1115308230402754,0.1171995635637841,0.121513261604851
2024-06-04,0.022228828401691082,0.1070013514900258,0.108972380529823,0.1122889482991403
2024-06-05,0.2350703339088254,0.1049229401892937,0.1019395891285305,0.1043111711342091
2024-06-06,0.00037553002439150716,0.1049380342663867,0.1200278668423331,0.1020780988656056
2024-06-07,0.02420047364273868,0.104858188014554,0.111554914897421,0.0964490980974494
2024-06-10,0.061378526611228744,0.1039030511108167,0.1050306692771238,0.0950797505637222
2024-06-11,0.04785809187201182,0.1015408996179286,0.0996456097532648,0.0899639407356921
2024-06-12,0.16273624376154988,0.1014210501267469,0.0945417028595725,0.0851147002690358
2024-06-13,0.04002000201271369,0.0881155079188551,0.1018089022290214,0.0834118607512536
2024-06-14,0.012100605670627651,0.0864247328723029,0.0961260033555232,0.0790963492877151
2024-06-17,0.15772229193602982,0.0842887697485939,0.0910364591701916,0.0746104873317555
2024-06-18,0.050485413031512306,0.080683032144343,0.0984295829713501,0.0739172374019181
2024-06-20,0.054121499478391434,0.0770360236232275,0.0936172992868781,0.0708253555688894
2024-06-21,0.026690285002846502,0.0782102515008342,0.0919887837245854,0.0772571210346757
2024-06-24,0.06477665508920036,0.0786038691751108,0.0887371381639667,0.0784422459406343
2024-06-25,0.07646419256054729,0.0790290331152977,0.0890518573894302,0.0857917977572199
2024-06-26,0.024819795653738846,0.0793094321969741,0.0873138361908558,0.0820409796705136
2024-06-27,0.03133790371374284,0.0791951516059236,0.0836675588637406,0.0775307186686216
2024-06-28,0.07844549964004631,0.0787056997633989,0.080733767136256,0.0736372971784529
2024-07-01,0.0409015600681994,0.0733041274273177,0.0843392555962368,0.0839838583472857
2024-07-02,0.13344767797031976,0.072778109525544,0.0815336865000814,0.0796270843597089
2024-07-03,0.08858990357912734,0.0745459229461336,0.0874412172712371,0.0775323245428273
2024-07-05,0.11439448362150081,0.0750943588423727,0.0869445074558109,0.0748778224997881
2024-07-08,0.02294838030972864,0.0760875328354864,0.0892322642544942,0.0730712044123751
2024-07-09,0.019339402675137615,0.0749405524238372,0.0852277156159606,0.069431124440493
2024-07-10,0.19590186709067856,0.0699724139993586,0.0818661570510154,0.0660724642045544
2024-07-11,0.17229180913295486,0.0724399928622681,0.0985900140202455,0.0670163111970745
2024-07-12,0.12509856081047688,0.0787657551680698,0.1121477911298922,0.0973163969451253
2024-07-15,0.05463948496009796,0.0752561205308532,0.1105154134484294,0.0933091205879814
2024-07-16,0.11763340056605728,0.0704337106625141,0.1039781407951946,0.0882162026398869
2024-07-17,0.28093493945795983,0.0684440400327885,0.1031149635176095,0.0850623437910453
2024-07-18,0.15348218262374086,0.0834796163231832,0.1381022444520301,0.1362486898268199
2024-07-19,0.13256112064474967,0.08799977405632,0.1389925105979306,0.1507923356930978
2024-07-22,0.20407427606348463,0.0856327633868204,0.1370635563168481,0.1595991564402963
2024-07-23,0.031235599774965473,0.0896666107138614,0.1403880276027176,0.149495891365308
2024-07-24,0.4560779650812984,0.0897597081083024,0.130041858432146,0.1425628377744515
2024-07-25,0.10393168407741794,0.1137571274171511,0.1969587933555384,0.2175646428478294
2024-07-26,0.22158950105349667,0.1147633467705369,0.1830729750125057,0.2118003542678484
2024-07-29,0.01168903924639386,0.1168522833222794,0.1795353383839434,0.1947069072181725
2024-07-30,0.10105912797893077,0.1167435067293677,0.1633203274251912,0.1756982039795872
2024-07-31,0.3207952488398012,0.1177509014732057,0.1541064723474383,0.1757715646592017
2024-08-01,0.28375271721086365,0.1247011178438873,0.1729159865775936,0.1659573443163432
2024-08-02,0.3739181492417601,0.1314431390543916,0.1861836909355342,0.198894436789375
2024-08-05,0.5880439399075214,0.1419292912094572,0.2127536208922286,0.2422872185364624
2024-08-06,0.18258935765786719,0.1646649363718522,0.2774007193335265,0.3179972312987226
2024-08-07,0.13343047739484526,0.1675638356322052,0.2557381624390976,0.2836265160207322
2024-08-08,0.45470493698210823,0.167545563260976,0.2359418201662565,0.2718292447968886
2024-08-09,0.08753657197848674,0.181872834119192,0.2573247328618145,0.2505003692665594
2024-08-12,0.010452912502162787,0.1823931612655737,0.2332015139535009,0.2248316138861499
2024-08-13,0.32453405414147746,0.1821893817904063,0.2106871647213843,0.2014348048778951
2024-08-14,0.06267019122148959,0.1886195086901019,0.2159970877548079,0.1880373049201669
2024-08-15,0.3381245028448155,0.187766954789074,0.1960278938929519,0.1710277314526379
2024-08-16,0.044558453147531554,0.1939543912318852,0.2069175539442104,0.1622514343927915
2024-08-19,0.1893303309535217,0.1933312669972812,0.1876518439631416,0.1484102178259591
2024-08-20,0.032380239201999464,0.1952817181140859,0.1796398168375569,0.1394838999021216
2024-08-21,0.06825593221325436,0.1953445565431731,0.1642223260401095,0.1340454453000063
2024-08-22,0.15676802869196063,0.193459492827407,0.1508053124522434,0.1243861073890407
2024-08-23,0.21028475985602613,0.1931704546345627,0.1495900397515261,0.1413459294961483
2024-08-26,0.04748868587110794,0.1947764224466792,0.1511186947236743,0.1337982450367391
2024-08-27,0.027303959821256128,0.1947447895077212,0.1400462217296115,0.1313984813045337
2024-08-28,0.11583948583769632,0.1939811590565232,0.128795744144956,0.1212048256821896
2024-08-29,0.0017833934180097363,0.1902600953902223,0.1268380067214636,0.1315338471009043
2024-08-30,0.1890254297854033,0.1888204939561694,0.1174087580112215,0.1220693467091397
2024-09-03,0.4137089174344339,0.1894207136487444,0.1229727221406934,0.1165118211949761
2024-09-04,0.04076270694959198,0.1972789004100619,0.1821936666233405,0.1901532625826194
2024-09-05,0.04845124901408148,0.1973136276479776,0.1667521451275125,0.1789946155494758
2024-09-06,0.33769699970629263,0.1853568655072686,0.1536254405829556,0.1705648246471059
2024-09-09,0.22151546033079206,0.1915413092353538,0.182965337370041,0.2128953570058214
2024-09-10,0.08647599688397369,0.1915394495218984,0.1794384023177996,0.195639816349006
2024-09-11,0.20307209270897877,0.1919285450041938,0.164808995828253,0.1780505180299438
2024-09-12,0.16688020621863747,0.1933512206168501,0.1623771799918606,0.1653934487529905
2024-09-13,0.10364297617160602,0.1892647275585632,0.1562382013085349,0.1537101161872565
2024-09-16,0.029360673845577966,0.1844215688682887,0.1456851134854056,0.1422532517283465
2024-09-17,0.008128189919189259,0.1744652351841671,0.1337227699095222,0.1307241781731251
2024-09-18,0.059094980773633135,0.147103971295882,0.1232977734299595,0.1204440681833875
2024-09-19,0.33664435622601313,0.1467554497196988,0.1169862086296534,0.1215897412271272
2024-09-20,0.03442378263696384,0.1499348120334554,0.1514125628607416,0.1193643827215808
2024-09-23,0.04965773480671652,0.1384244782867017,0.1397081274149419,0.1168141222513906
2024-09-24,0.05684361273844096,0.1382934835172899,0.1289010356485013,0.108888384011081
2024-09-25,0.043927832628498295,0.1381955489379978,0.1197918976985309,0.1020603630587198
2024-09-26,0.07872452424233506,0.1322908100809969,0.1130356176725624,0.1031212175687265
2024-09-27,0.028873380695088772,0.1323840086911336,0.1073335495627917,0.0974372651001837
2024-09-30,0.0795690232386284,0.1245594576799855,0.101676715874269,0.0966928592898916
2024-10-01,0.1790412764439581,0.1247921343610115,0.0978846403339869,0.0917617742541093
2024-10-02,0.008395699516320496,0.1256715393054096,0.1130643416259735,0.1187057049619737
2024-10-03,0.03640843451714367,0.1254912354028411,0.1055110161689634,0.1098528237370063
2024-10-04,0.1799845398731407,0.1254237432751495,0.1005855136810868,0.1088006905828638
2024-10-07,0.1806851455774002,0.1251583268957757,0.1089443345708283,0.104752591308617
2024-10-08,0.18728299486105443,0.125185972658706,0.1210521774799231,0.1294569518545196
2024-10-09,0.13732817654097343,0.1275230466284626,0.1255384618707883,0.1230069327092118
2024-10-10,0.034844491710550304,0.128728937467652,0.1227588645142014,0.1162676290167589
2024-10-11,0.11878506921707649,0.1273838920804728,0.1150982108473579,0.1141744120618319
2024-10-14,0.1620546672119809,0.1280967706864788,0.1123139768944369,0.1081142234204726
2024-10-15,0.1551920727228395,0.1274052456553718,0.115179317940225,0.1037468049641675
2024-10-16,0.0862898972678585,0.1125206230387296,0.1214262529043891,0.1237711653026669
2024-10-17,0.0017089199526185588,0.1121767387104611,0.1149308130713641,0.1158175223952762
2024-10-18,0.07638100620635059,0.111557199820354,0.1071944594350607,0.1082906246048248
2024-10-21,0.03269912098339059,0.0959667182429861,0.1023206616950487,0.102003171235191
2024-10-22,0.01056889860573043,0.0933468578847278,0.0977008061174456,0.1013325964318742
2024-10-23,0.1826324819964448,0.0934874052199279,0.0928397724433567,0.097353460067212
2024-10-24,0.04298195878819466,0.0958001165627552,0.1101791792250876,0.1237785598315667
2024-10-25,0.006873273578206107,0.0935781978213895,0.1033469851755884,0.114883044012612
2024-10-28,0.0614114314819616,0.0929352467557196,0.0974986087127768,0.1087347893888365
2024-10-29,0.032172841682541455,0.0931093880143819,0.0933524349171007,0.1020664759864284
2024-10-30,0.060280016774326484,0.0930915452757105,0.0888510940983468,0.0955399509703126
2024-10-31,0.3938914914036102,0.0931148389880997,0.0887073798325937,0.1000654309162556
2024-11-01,0.08379287169557044,0.0997835745396554,0.1599175273907215,0.1753949013932117
2024-11-04,0.04290169030186369,0.1003904800657344,0.1477545039283821,0.1605544689820859
2024-11-05,0.23913493761130253,0.1003566241053416,0.136940162667154,0.1538199457039688
2024-11-06,0.4886646600139284,0.105972917338883,0.1457594048213062,0.1453081481818361
2024-11-07,0.15324554786316827,0.1267932312420815,0.2050401272495554,0.1435734013650682
2024-11-08,0.08599651794830579,0.1279587600965771,0.1911211467296575,0.1345448832451316
2024-11-11,0.01895141651903369,0.1279621231282014,0.1749923261238931,0.1252240255086721
2024-11-12,0.061901135866159133,0.1277543335591248,0.1593364003073496,0.1156303553368846
2024-11-13,0.009662383575842247,0.1246838972128011,0.1479339579664789,0.1178602297722312
2024-11-14,0.12834476569218245,0.1246787271972828,0.1356737518534604,0.1089720142488062
2024-11-15,0.25648358563099766,0.1264958913350845,0.1338905941764781,0.1232970186238599
2024-11-18,0.08135446987184519,0.1309722074610712,0.1529202037311224,0.1594575368450276
2024-11-19,0.0725978848842373,0.1279214767899134,0.1415854928407685,0.1467537126367182
2024-11-20,0.006737989107831234,0.1257679894420968,0.1313913528999769,0.1355574803021622
2024-11-21,0.10651962230665839,0.1245153806470723,0.1213194026121178,0.1248383499158226
2024-11-22,0.06157147844617249,0.1249707476344444,0.1163453109153091,0.1171935632135199
2024-11-25,0.06737217806811688,0.1242526847015742,0.1092648029979359,0.1095113867376133
2024-11-26,0.10361506665565395,0.122597128135362,0.1035421322858927,0.1028812988024049
2024-11-27,0.060379456666678634,0.1204970751263917,0.1014124265093222,0.0978316058014153
2024-11-29,0.12321519577358825,0.1207120684725179,0.098902415756217,0.1020872146028769
2024-12-02,0.03562982291822255,0.1216338112179876,0.0997144143577624,0.0975659079798572
2024-12-03,0.00922224303672167,0.1213829726198812,0.0942821639023311,0.0916305190623318
2024-12-04,0.12316290298125251,0.1211272580260481,0.0895381355934513,0.0858111904485164
2024-12-05,0.03276610404928169,0.1218862787226919,0.0923622308192372,0.0831321572356067
2024-12-06,0.037676470685766655,0.1181219655274425,0.0894201673486833,0.0846771636596749
2024-12-09,0.1027192621292451,0.1181137703597992,0.0856791648787787,0.0802116697932255
2024-12-10,0.06195410343592963,0.1196206148639521,0.0913123507655054,0.094105466348519
2024-12-11,0.1532153177376222,0.1202292039025348,0.0908410990824468,0.0990851974670486
2024-12-12,0.10278063942769745,0.1216803043499184,0.0975115302841418,0.0955850323418622
2024-12-13,0.003947947131448236,0.122516867091281,0.1003630396323239,0.1073281788565267
2024-12-16,0.08477303468797957,0.1050102961301215,0.0948972551750355,0.101653795374666
2024-12-17,0.08214371730996087,0.1050193172045029,0.0927244425260182,0.0963300212880844
2024-12-18,0.6019757630598308,0.1058538399619732,0.0940855830446795,0.1044048785236336
2024-12-19,0.006114085980723405,0.1372073446441088,0.2228629842836576,0.2430892165785323
2024-12-20,0.2375485359959745,0.1168024348230001,0.2016834958164624,0.2189496223183895
2024-12-23,0.11878456471275066,0.1199226229739263,0.1967222949722563,0.2010941791043569
2024-12-24,0.21992111429575595,0.1205488002400997,0.1815649778151939,0.1833391074640517
2024-12-26,0.0013248492651764675,0.1247837553809639,0.1781128857200393,0.1703069835616328
2024-12-27,0.21054434731022761,0.1243784716530032,0.162162316428886,0.1557411901485575
2024-12-30,0.22834530950976195,0.1283536496417893,0.1660487297542115,0.1771702217265743
2024-12-31,0.0725133005470552,0.1313373577389674,0.1717798800648737,0.1980607351362403
2025-01-02,0.048948583856455896,0.1261925806991665,0.1589980032688548,0.1905934800715309
2025-01-03,0.24722430432530365,0.1258345456253924,0.1470159113671971,0.1806810518536943
2025-01-06,0.11428288073112966,0.1305810066355019,0.154628351818447,0.1683441013564894
2025-01-07,0.22618322183271536,0.1315651494292319,0.1451317333338299,0.1551322597666825
2025-01-08,0.029044603890003115,0.1349604476140505,0.1553981809049418,0.1795579234057756
2025-01-10,0.30609530118652795,0.1346994877972991,0.1423170920383499,0.1631550151133199
2025-01-13,0.03082189349333957,0.1411563361431217,0.1684511565991354,0.2009725897576256
2025-01-14,0.027358861104321865,0.1401863226028193,0.1537391505085143,0.1815655750590273
2025-01-15,0.35864991111661887,0.1402057327977289,0.1408562191757913,0.1648501646877009
2025-01-16,0.038300466476760296,0.1492571262697849,0.171310908258483,0.1569343673632177
2025-01-17,0.19875523655865177,0.1491645655617003,0.1572357822086594,0.150187141421888
2025-01-21,0.1812889192229845,0.1522540425100804,0.1557126950659544,0.141081283284365
2025-01-22,0.11152944936334436,0.1535560158581184,0.1523674803124824,0.132828591997537
2025-01-23,0.10829686441652339,0.1543748234899681,0.1430106703725062,0.1242597313059843
2025-01-24,0.05816589380819937,0.1550744145946414,0.1348324815278647,0.1167024768208924
2025-01-27,0.2834418551170028,0.154534055102869,0.1268151328769013,0.118338153633251
2025-01-28,0.17022026531972623,0.159940365901577,0.153368817156923,0.1611989023900635
2025-01-29,0.08939044151878857,0.160320332779652,0.1491956228511794,0.1500517817235894
2025-01-30,0.10649656791877526,0.1601454692024279,0.1412520944147181,0.15211188811774
2025-01-31,0.10616819345168242,0.1609003081150616,0.1332123004582502,0.1409396221891102
2025-02-03,0.13434201897021514,0.1611776136840099,0.1294668982879512,0.1469881466318996
2025-02-04,0.13302233120423723,0.1619163437241766,0.1296505145564987,0.1567892639021613
2025-02-05,0.08050472617471498,0.1357029711968387,0.1257803208019495,0.1455100815033131
2025-02-06,0.06902830287905405,0.1359300266984539,0.1183988061034419,0.1347006718334103
2025-02-07,0.1829546026982376,0.1322419171387061,0.1115179013963581,0.125060732524373
2025-02-10,0.13466178699095224,0.1344208771021047,0.1232637672299963,0.1467795109185163
2025-02-11,0.015123740540649118,0.1320047379022147,0.1207127022053304,0.1368623021866701
2025-02-12,0.0641952598103336,0.1320141239821784,0.1122020468532266,0.1258992650769248
2025-02-13,0.20894828009126593,0.1284576056184282,0.1082500650232339,0.1272875857594857
2025-02-14,0.0009784364791942909,0.126482327594565,0.1194470667969863,0.1213552783357195
2025-02-18,0.05832426773593326,0.125713237805485,0.1112722979660711,0.1137102243864051
2025-02-19,0.046799799224379615,0.1252759550272675,0.1049841117283146,0.1064526578044921
2025-02-20,0.0829498862577462,0.1209672101500371,0.0992352082659131,0.0998252636551191
2025-02-21,0.34323875970351514,0.1211154578944636,0.0994705281913668,0.1076885904543432
2025-02-24,0.09073826736964202,0.1273069655336301,0.1511077624116069,0.1669936005703409
2025-02-25,0.09919617163800168,0.1281607116198805,0.1429753731902436,0.1668388627830694
2025-02-26,0.010040789562102472,0.1203106466536496,0.136878474803195,0.1680308379127388
2025-02-27,0.3201359596237053,0.120290730433229,0.1261771166737435,0.1528539741871164
2025-02-28,0.3080872354163656,0.1297736773711947,0.1609734416401588,0.1955699791037324
2025-03-03,0.35166053034712985,0.1269113517352871,0.1753748526065979,0.1822958999101558
2025-03-04,0.23691033277938991,0.1368893911653281,0.2003974139915551,0.2249376978654903
2025-03-05,0.21269318829210765,0.1370943314522714,0.1999418743283765,0.2391711273824755
2025-03-06,0.35634257795939533,0.1381955614134219,0.1923454529466074,0.2175591930113964
2025-03-07,0.11119988859521235,0.1448897738045406,0.2133496657343238,0.2539124824593357
2025-03-10,0.5371166081559625,0.1449547025722267,0.1956027243309668,0.2281061262442105
2025-03-11,0.16608464050522986,0.1621938651496041,0.2541246330511759,0.2969315944003209
2025-03-12,0.10529962040997706,0.1594239010588717,0.2369595161739568,0.2877724313283328
2025-03-13,0.2670048144885466,0.1577275490337737,0.2159569447242521,0.2565286213213255
2025-03-14,0.4067755833136735,0.1607433847337888,0.2165526966114502,0.2702168584541214
2025-03-17,0.1528342843897127,0.1729752230646782,0.2339772957521327,0.2474981335997125
2025-03-18,0.21621353118060416,0.175163678858249,0.2160101823791054,0.2234695566788227
2025-03-19,0.21551009503433835,0.1765389718069209,0.2099621331794127,0.2345406455544076
2025-03-20,0.05761367130393547,0.1787303788310512,0.2009903776879958,0.2136874561658378
2025-03-21,0.006562363874181326,0.1778276843294488,0.1839032203778361,0.2016426940915489
2025-03-24,0.3531498726919859,0.1771882727416731,0.1672631873441289,0.1821184256920782
2025-03-25,0.04777057004035458,0.1851255372755154,0.1882707017448374,0.1716660061520523
2025-03-26,0.23895125715476767,0.1838765384512618,0.171359272956774,0.1567146070836506
2025-03-27,0.05290813037686955,0.1861866749815643,0.1773856443374111,0.1831778075101337
2025-03-28,0.4047562864645692,0.1861610834831283,0.1631335471920344,0.1749252891059154
2025-03-31,0.1331098984311606,0.1896413908409854,0.2033912254322009,0.229760080450794
2025-04-01,0.056115183149785065,0.1915475438824438,0.1882562820482601,0.2080549153257933
2025-04-02,0.1255094967259196,0.1915190904902274,0.1715287431429256,0.1881013538706612
2025-04-03,1.0054597258787734,0.1927783654802282,0.1603576899029987,0.1723484470490819
2025-04-04,1.2002425749083896,0.2375987719445146,0.3635870727999962,0.3876426522823789
2025-04-07,0.035469669950014805,0.2860394591229742,0.5133704432938448,0.5478593108178708
2025-04-08,0.31408838440420905,0.2862424098781194,0.461916997971929,0.4775865478655878
2025-04-09,1.9868462386652403,0.2877712354622477,0.4292151020251055,0.4592332123012458
2025-04-10,0.8914885630075166,0.4204542563819657,0.7473941378383586,0.4326955974809306
2025-04-11,0.35186540275101913,0.4364086442803983,0.733220333393398,0.5186531003788233
2025-04-14,0.1920861297357727,0.4372877551004147,0.6675008037853092,0.4533870367979353
2025-04-15,0.05580431803455837,0.4367429179712657,0.6023676262922114,0.3970190590052536
2025-04-16,0.4472310310279651,0.4358444437453566,0.5418244445028121,0.3560536083263727
2025-04-17,0.02836303087151505,0.4378848353604336,0.5098597426079603,0.3811148720884639
2025-04-21,0.4792974747971773,0.4358809565712518,0.458477945056278,0.3343453358625344
2025-04-22,0.5110233336239077,0.4394438264263299,0.4428161335178823,0.3689865736872774
2025-04-23,0.3059276357838124,0.4416938380775599,0.4295780742172297,0.3323562340858816
2025-04-24,0.41443952343089363,0.4440502363443623,0.3978593133760716,0.2982528027485303
2025-04-25,0.14323611051404808,0.4482733421133176,0.3808212884583921,0.2714571971751529
2025-04-28,0.007586495476184602,0.447144870389413,0.3454707014733379,0.2441826258500367
2025-04-29,0.12493570882799973,0.4429551550782228,0.3114514147514973,0.2189089905152015
2025-04-30,0.007895884907290396,0.4427454954532715,0.2832605593079753,0.1991354342626869
2025-05-01,0.1405034549737437,0.441691822397936,0.2559557994387517,0.1803083707262999
2025-05-02,0.29316458032577336,0.4410017383764643,0.2350908402945254,0.1662167620468267
2025-05-05,0.114419204056231,0.4430945973172862,0.2312207097617446,0.1567200084177847
2025-05-06,0.16699400717689233,0.4434264826693652,0.2139297406751475,0.161881251764528
2025-05-07,0.08349665359027307,0.4407843468829869,0.2032626829353319,0.1748043433095905
2025-05-08,0.13814809369450654,0.4409318755420778,0.1861238584927553,0.1604648417563881
2025-05-09,0.025363384612683174,0.440180514564208,0.1742242391206839,0.1489852716242696
2025-05-12,0.6468702351998012,0.4401317943242673,0.1597955534174086,0.1416371134493788
2025-05-13,0.13095679592914733,0.4456954423939205,0.2516879223071033,0.1419057502326434
2025-05-14,0.025412170572432755,0.4456848132358113,0.2308330883695875,0.1326876924026709
2025-05-15,0.09693994327761578,0.4456704386727929,0.2093203132838492,0.122756675127193
2025-05-16,0.12562309126223947,0.4455565015691675,0.1919960051974911,0.1152891585145066
2025-05-19,0.021750463462365203,0.4174428126957735,0.1784303055215579,0.1092182702434483
2025-05-20,0.06700525684722443,0.3713901177116488,0.1629242896408956,0.1019999456699372
2025-05-21,0.33811555495547696,0.3716862728387071,0.1517247977027414,0.1068967683141329
2025-05-22,0.007849350189256562,0.3723000604894158,0.1809029374772678,0.1640925203186846
2025-05-23,0.13626889875944045,0.241510683554301,0.165122126782845,0.1500259606650896
2025-05-27,0.4094069396350379,0.1988240682241037,0.159155841582616,0.1596665362861385
2025-05-28,0.11544431122354501,0.2008096481898948,0.1938185233442257,0.1531370837974816
2025-05-29,0.07838479666820508,0.2016168155469865,0.1816488881319514,0.1589709640180763
2025-05-30,0.02226596351400663,0.2009113558838131,0.1669592557561602,0.1466401038656772
2025-06-02,0.11175462514349256,0.1862836582807577,0.1533383869191932,0.1391430463977465
2025-06-03,0.11313643179804321,0.1862126690741351,0.1441942172746462,0.1299322616523461
2025-06-04,0.005342972266836184,0.1661625392097969,0.1364902761652795,0.1218847481443305
2025-06-05,0.0963843760645914,0.1546415217194564,0.1263341826189507,0.115004853585324
2025-06-06,0.20326811686817972,0.1529029917818234,0.1229224884369786,0.1230112650081936
2025-06-09,0.017924596568875975,0.145298805249054,0.1294017467640202,0.1174184695318883
2025-06-10,0.11248468269319138,0.1448833655294469,0.1199652737114592,0.1091851842764209
2025-06-11,0.05682527770930001,0.1449104961072363,0.116033900655606,0.1035870281664116
2025-06-12,0.07891649948338592,0.1455422060708578,0.1110006969875998,0.106667460293399
2025-06-13,0.22369249022260138,0.1454157952882435,0.1060091356295422,0.1007553214097389
2025-06-16,0.18839809268591956,0.1503841419996163,0.1267119076281889,0.1343231445955318
2025-06-17,0.17074312786728046,0.1473205430979661,0.1301714276004121,0.1270764402952293
2025-06-18,0.0029967143597962966,0.148843499391592,0.1351299377226376,0.1460065696872128
2025-06-20,0.0467795970554424,0.1457491015017952,0.1251100029145391,0.1358122689974175
2025-06-23,0.19555572153459339,0.1462156046828339,0.1180586406811294,0.1333334013647626
2025-06-24,0.21858682405077606,0.1472967015958017,0.1245152373321593,0.1263378340301114
2025-06-25,0.011146142858795175,0.1491261916225652,0.1330021408920482,0.1206177575930967
2025-06-26,0.15505475272401276,0.1189817436412323,0.1231072754527177,0.1118889784691856
2025-06-27,0.09860572556374611,0.1194864194814921,0.1230023355125318,0.1067447821993536
2025-06-30,0.09489843296672237,0.1199043236555487,0.1174646209300967,0.1011764406836659
2025-07-01,0.006441576551797089,0.119880454202279,0.1125315261710954,0.0961683698184525
2025-07-02,0.08998887858944166,0.1191585174945476,0.1056526520495184,0.0924027168715148
2025-07-03,0.1561916314823944,0.1194987833156702,0.1022902461600665,0.0882665922974124
2025-07-07,0.14881771805509836,0.119947791830272,0.1067030063656419,0.0857800082872588
2025-07-08,0.010900587420131535,0.1096696369615506,0.1138929926705647,0.1072789807375663
2025-07-09,0.11895164033223087,0.1098378919225602,0.1068496345165523,0.1029355516462265
2025-07-10,0.056032164347663685,0.1069464523644447,0.1057984500640454,0.0980449084315573
2025-07-11,0.07006686570201746,0.092385607142,0.1003331785903026,0.0926056746082229
2025-07-14,0.03792857269570393,0.0909373119457666,0.0990802189064092,0.0993133269943699
2025-07-15,0.08520091976102516,0.0907656209371739,0.0940574449348631,0.0934209237989013
2025-07-16,0.06640597683552572,0.0921643900474994,0.0956314056762351,0.1025819883774498
2025-07-17,0.12138372096549185,0.091600827236275,0.092310345228534,0.0968172821206309
2025-07-18,0.014575680376752248,0.091760414453966,0.094463652789944,0.0926532938263371
2025-07-21,0.0376894666160459,0.0918628229280068,0.0905095174060008,0.090513483951555
2025-07-22,0.0028487759994350378,0.0896623082377449,0.08684387735742,0.0855733620988957
2025-07-23,0.16854664020996443,0.0863806903909657,0.0836499194548422,0.0815749444249095
2025-07-24,0.006584991715555096,0.0885229877989219,0.0948214147218631,0.0798843894377316
2025-07-25,0.08386933347836459,0.0879376771375724,0.0902786687878941,0.0759172573390117
2025-07-28,0.004997759750957778,0.0870772287388565,0.0891031018899538,0.0732922258399623
2025-07-29,0.05254564893803742,0.0871171535385036,0.085714620479555,0.0717213324370664
2025-07-30,0.025071887720506916,0.0790488473224831,0.085672941041782,0.0779455458088189
2025-07-31,0.07477253581824861,0.076514364548538,0.0836930914678195,0.0790125917255411
2025-08-01,0.3288015911836736,0.071962574134728,0.0863133333364098,0.0881906362989314
2025-08-04,0.30013537526327905,0.0896397462563155,0.1404351012569834,0.1506631629052534
2025-08-05,0.10112653156828433,0.0971826582413471,0.1591271529496282,0.1430884395643152
2025-08-06,0.15181396970174663,0.0963603050371946,0.1508032893629833,0.1482387372068282
2025-08-07,0.01667238463099838,0.0939531910911437,0.1453013770324612,0.1384161506693959
2025-08-08,0.15453644035564348,0.0941487941901903,0.134118117431666,0.1311519733575469
2025-08-11,0.039380884671061905,0.094133335008789,0.1318219718400402,0.1235333980993782
2025-08-12,0.21069210796858182,0.0939712848049335,0.1233296070679351,0.121546776540507
2025-08-13,0.0679894607913323,0.0973874315900588,0.1309110983619027,0.116080401244113
2025-08-14,0.0018485843564796385,0.0974443337790413,0.1222762791671024,0.1087895549561908
2025-08-15,0.04663639702945788,0.097070997825838,0.1137815000049938,0.1023867956944072
2025-08-18,0.0043301169481070375,0.095569828689284,0.1083897230947726,0.104107697702325
2025-08-19,0.10823027362794822,0.0922632747650223,0.1019819385246398,0.0991501303863002
2025-08-20,0.05293495990809474,0.0941358645577148,0.1046606076771013,0.1115331526227166
2025-08-21,0.07997848212372255,0.0935174164549891,0.1011925944979386,0.1131394155051853
2025-08-22,0.3032133514551585,0.0942954950643456,0.1007553810393756,0.1188882926645168
2025-08-25,0.08775673131225338,0.1026279224492016,0.1335267422096566,0.1153779842164539
2025-08-26,0.08313086636877347,0.1038437924339892,0.1281017354092768,0.122110545103915
2025-08-27,0.045281849474218545,0.1030462791625232,0.1206517088671087,0.1143632054392544
2025-08-28,0.0703328200935112,0.1029017220818627,0.1126442467156456,0.1068839010308266
2025-08-29,0.11900816179726831,0.102100109456621,0.1068061103566975,0.1006998414805426
2025-09-02,0.1479814684347824,0.1040295610916658,0.1098365316882346,0.1147653477596979
2025-09-03,0.10753668412410423,0.1067469074765689,0.1163013988007286,0.1319238328459962
2025-09-04,0.1655822745585045,0.1076351140182309,0.1124765820972543,0.1234006225348668
2025-09-05,0.05770554889814419,0.1075434167287909,0.1158993257921491,0.1169225313836329
2025-09-08,0.048817406474421905,0.1080657642528095,0.1109194479122978,0.1186108675985882
2025-09-09,0.04594546744611887,0.1076830055322975,0.1044168210357599,0.1106923215202951
2025-09-10,0.057429865362530655,0.1077611319060606,0.0987962583617822,0.1036508255309697
2025-09-11,0.16465619420798672,0.1074652626539521,0.094493403922183,0.0976106005510351
2025-09-12,0.00665883552429839,0.1093541968569625,0.1020621070950604,0.0941211142748039
2025-09-15,0.1056432354720588,0.1084529726125673,0.096659549406059,0.0906253289912234
2025-09-16,0.02741488646752991,0.094861023951235,0.0962195080352786,0.0868598482174122
2025-09-17,0.024731255389287016,0.0868452887721573,0.0925509464443587,0.0873359158212758
2025-09-18,0.09274448700191744,0.085014172426572,0.0893594166164886,0.0873410362004708
2025-09-19,0.09829778083031401,0.0836131441862323,0.0891179623745961,0.0836989696959144
2025-09-22,0.09390579041455425,0.0838752784660775,0.0894459647726686,0.0805366739501895
2025-09-23,0.10859774790225446,0.082415340928708,0.089293685828791,0.077622949360397
2025-09-24,0.06340249693131983,0.0843262096927197,0.0949539857784927,0.0930744089579148
2025-09-25,0.09200075965479265,0.0807906773900974,0.094096410388567,0.0986193614957304
2025-09-26,0.11365813627621076,0.082080445483866,0.0964641789218442,0.1082669506446509
2025-09-29,0.0558375054401401,0.0832873446386325,0.0968845295132622,0.1026755618740506
2025-09-30,0.07480318690697102,0.0828522300092046,0.0928190415243783,0.0967175491786904
2025-10-01,0.06768094003310582,0.0830938704630999,0.0905094342201736,0.0917503995589346
2025-10-02,0.022901393169923352,0.0808218325993227,0.0881462558228662,0.0871993286096417
2025-10-03,0.0002927371518164452,0.0798445448615162,0.0846262215674104,0.0823533092928518
2025-10-06,0.07122208543243291,0.0781870521046364,0.081469377125907,0.0787969522815728
2025-10-07,0.07390083040089883,0.0673366700098096,0.0809056996095036,0.0755836916351614
2025-10-08,0.11828710105357582,0.0668407194474966,0.0840150670457165,0.0850465942365815
2025-10-09,0.05772111952001888,0.0676593352046127,0.0875233269095339,0.0819790464352518
2025-10-10,0.545140084851118,0.0688015164556546,0.0875481486124606,0.0879162919089934
2025-10-13,0.3029642034675255,0.1076499000263832,0.2022386144207316,0.2207298400559514
2025-10-14,0.024320421683175407,0.1142402926000042,0.2060074254300365,0.203251226448954
2025-10-15,0.08813226710153564,0.1116373568152726,0.1875000616917943,0.1883949982219032
2025-10-16,0.1359598754219905,0.111354802262895,0.1722110602157217,0.1720713683323415
2025-10-17,0.11261673216053733,0.1115755544684469,0.1650143031003356,0.1787087164581167
2025-10-20,0.20585704042349393,0.1119473806038982,0.1540422038714361,0.1641015300309614
2025-10-21,0.00029730192908645516,0.1151516018472355,0.1540880482555652,0.1529587154405267
2025-10-22,0.10370612291925707,0.1151588300380346,0.141419527804897,0.1414830824318945
2025-10-23,0.11763259188687353,0.1164820636219751,0.136134901081155,0.147306769870182
2025-10-24,0.16193823838835622,0.1153741127959331,0.1298240224306235,0.13692425615601
2025-10-27,0.23335131371921303,0.1172482001317683,0.1290921104263515,0.1285752592350058
2025-10-28,0.05277157849258567,0.1206843848219995,0.1387855263916267,0.1224380071301047
2025-10-29,0.00955503700021092,0.1204731483589486,0.1284575552600525,0.1140835563827773
2025-10-30,0.22002751926121564,0.1202439942093295,0.118998928364038,0.1060138334044084
2025-10-31,0.0651538574027281,0.1251711596538997,0.1353074277615943,0.1384222341044149
2025-11-03,0.03730235230438211,0.1248039719653145,0.1258804095380203,0.1283141405620416
2025-11-04,0.23724406488033203,0.1243206476974477,0.1169167888065791,0.1190013650655784
2025-11-05,0.0688290463491944,0.1284980956613853,0.1371855017041496,0.1523234041455884
2025-11-06,0.2146221385281844,0.1282400295599868,0.127653411314817,0.1405102766130971
2025-11-07,0.019579019042356982,0.1317110210242581,0.1405339035058912,0.1656105398907482
2025-11-10,0.30806141507396395,0.1308308561451259,0.1294650067610126,0.1512755992203772
2025-11-11,0.045496421443099976,0.1377831689257488,0.1529087719813636,0.14349393896648
2025-11-12,0.011066721502658434,0.1375816585545236,0.1405641109060654,0.1324326013025217
2025-11-13,0.332919832135505,0.1373666718713895,0.1295070422234232,0.1221947936820967
2025-11-14,0.003259674992206728,0.1463810469729048,0.1658267310337477,0.1749668816588163
2025-11-17,0.18622449503183186,0.1463830561453039,0.1517412458350132,0.1610069541453954
2025-11-18,0.16778104634277569,0.1485255835246953,0.1543616187479931,0.1777084042957968
2025-11-19,0.07671269576879591,0.1500906294305504,0.1539617394688572,0.1886912233746848
2025-11-20,0.30559037078150003,0.1494372711097838,0.142506496789081,0.1721452629733613
2025-11-21,0.19720370211661242,0.1554032921249828,0.1684301332767596,0.2083941518028099
2025-11-24,0.2907034857809479,0.1366943875423107,0.1647003919006116,0.1910014972203081
2025-11-25,0.18626513850981616,0.1361202746599119,0.1750812069546755,0.1775658909627333
2025-11-26,0.1368763492054157,0.1385371103214512,0.1689748077358402,0.164295828090313
2025-11-28,0.10830429847554533,0.1392997210929877,0.1592051841887347,0.1520120550706784
2025-12-01,0.09104141545562529,0.138054257802462,0.1487680310807516,0.1408744655831345
2025-12-02,0.036816543633309946,0.1383218656162298,0.141183825092527,0.1447438649575269
2025-12-03,0.06877676308172981,0.1353800751494467,0.1301818344310072,0.1333851822484078
2025-12-04,0.014539466640593744,0.1356380967398242,0.1216227959171224,0.1239605756321988
2025-12-05,0.037755819382288024,0.1345064301580636,0.1130628703469261,0.1148056614702502
2025-12-08,0.0598627322019673,0.1336858725715145,0.1058947262690121,0.1071089806971312
2025-12-09,0.01717620918013778,0.1321796248918288,0.1027189725647175,0.1103850093276674
2025-12-10,0.1315158222792352,0.1276911446472517,0.0975083081498808,0.1066421528535164
2025-12-11,0.046242544066888956,0.1289435076707637,0.0996464739008969,0.1014256253355607
2025-12-12,0.21507711496652734,0.1291107614774043,0.094698803810135,0.0953938306099492
2025-12-15,0.030081388478427513,0.1289260011919832,0.1178645903914636,0.1289346061522631
2025-12-16,0.054437047757867556,0.1286460810273469,0.110916743410472,0.1248891342577776
2025-12-17,0.2201380899923396,0.1287359684199851,0.1064815979486619,0.1250843276007653
2025-12-18,0.1496754045117601,0.1280790745645799,0.1266836165011323,0.1539254949925378
2025-12-19,0.17951111492006397,0.1296174651238164,0.1251238853930164,0.1432089382493186
2025-12-22,0.12356388680111616,0.1280704722569629,0.1275869402661035,0.1343545772140794
2025-12-23,0.09072439417370017,0.1290963708056709,0.1231902829561034,0.1256994602264803
2025-12-24,0.06986394585295269,0.1219702219424891,0.1168855987173635,0.1175696680597958
2025-12-26,0.0020177231677885243,0.1221849414973778,0.1103081014423011,0.1100711701922439
2025-12-29,0.07102817713321193,0.122195147672494,0.1035242427097891,0.1041101370287238
2025-12-30,0.024310025812863862,0.1116228838018905,0.1017393740321074,0.1095679661889768
2025-12-31,0.14795518918803435,0.1117503686019844,0.0969821879070315,0.1069991996083777
2026-01-02,0.03643538087718306,0.1103553727993662,0.1067111005733821,0.1253617394668219
2026-01-05,0.1320686862903079,0.1067614422901189,0.1004386973216373,0.1163919904907201
2026-01-06,0.11797446646086267,0.1076536092631863,0.1025942450472504,0.1104290629363863
2026-01-07,0.0642357741025946,0.0960144230187468,0.1023165785737679,0.104602225021704
2026-01-08,0.0020200641162815064,0.0941969157153503,0.1002487017331523,0.1089396849477979
2026-01-09,0.13114500291430548,0.0858292102843313,0.0951404899479079,0.1032299777555217
2026-01-12,0.031220426345409787,0.0838701725912742,0.0979114275275048,0.0984251604257114
2026-01-13,0.039821501955337985,0.0820417461229152,0.0930715396117383,0.0926248053952553
2026-01-14,0.09803197886561493,0.0812524489411,0.0907991770273324,0.0944973770343325
2026-01-15,0.05410662156753051,0.0814531081763732,0.0947115577766519,0.1057449812084723
2026-01-16,0.01667773624528452,0.0816088413141766,0.091058664256812,0.0994786846747458
2026-01-20,0.40919291033181265,0.081259239204668,0.0878916030310729,0.097016305730763
2026-01-21,0.22830404743101584,0.1015800850276939,0.1624288759051421,0.1770464360231513
2026-01-22,0.10365014275153206,0.1069765631540061,0.163764172406138,0.1644564015662029
2026-01-23,0.007215578277207021,0.1075618973261653,0.1524576899502351,0.151693468241072
2026-01-26,0.1007777676873943,0.1074995850766406,0.1399907810636806,0.1394431165233137
2026-01-27,0.07911221110991236,0.1068149744741998,0.1319243504905979,0.1298610728219764
2026-01-28,0.002002897646065451,0.1071873158596325,0.1237439478335727,0.1211375630599132
2026-01-29,0.03951988627900253,0.1018114332757425,0.1151936799177454,0.1139983714782829
2026-01-30,0.059429172620891674,0.1019126432857125,0.1092403211979275,0.1133120177126975
2026-02-02,0.09866466970583411,0.1019896596477567,0.1055623033611207,0.1158064005834493
2026-02-03,0.16894320174096836,0.0962942457300234,0.1029150051406547,0.1090600864478937
2026-02-04,0.09660624178812387,0.0984195593752777,0.1145080890793429,0.1308664506321688
2026-02-05,0.2500483456692799,0.0964653169969925,0.1133003765659,0.137013320288889
2026-02-06,0.378080412488969,0.1016363403800632,0.1371201857121835,0.1691711107055387
2026-02-09,0.09570306723454644,0.1153922600455248,0.1726457152460981,0.1599162370810624
2026-02-10,0.052537288596587586,0.115783834936727,0.1596849976548041,0.1476329297691282
2026-02-11,0.004598878736508783,0.1160694568740609,0.1480179236784526,0.1446603962985323
2026-02-12,0.30976554632768916,0.1155575145436319,0.1362641598071562,0.1349968681897121
2026-02-13,0.014011599600924888,0.1242452903568645,0.1647698922407528,0.1793692317644515
2026-02-17,0.032075577175101136,0.1223969759789305,0.1507259741298264,0.163281448268156
2026-02-18,0.09997732811344497,0.1223700008359421,0.1385263708489511,0.1496109975588857
2026-02-19,0.05254302919311802,0.1216953301379769,0.1306256283097664,0.1387280746903447
2026-02-20,0.14336703844380658,0.1205537843192697,0.1230772230770806,0.1369239237012285
2026-02-23,0.20420713660781972,0.1221748683926383,0.1215859491172114,0.1282991886532405
2026-02-24,0.14408871092163245,0.1257411724485149,0.1341341365678364,0.1534182239380286
2026-02-25,0.1671820128372502,0.1260668009008146,0.1306974158362639,0.1427060082114807
2026-02-26,0.11081788525477045,0.1284912315265569,0.1304946861448735,0.1337147589366057
2026-02-27,0.0957683128154485,0.1293642153523239,0.127826802291572,0.1417804885495018
2026-03-02,0.011309752911595463,0.1293286202437432,0.124111588670942,0.1463019355024806
2026-03-03,0.1761453003300754,0.1290549507311151,0.1153573088120944,0.1345188067868861
2026-03-04,0.13987691332930896,0.1314234130795774,0.1248113540614252,0.1535596181250222
2026-03-05,0.11123896022861812,0.1186144533875098,0.1226204657091994,0.1427658252124876
2026-03-06,0.2625001873982771,0.1149869574048011,0.1214648901815562,0.1496331264610328
2026-03-09,0.17352700585728062,0.119736819631581,0.1451159878423336,0.1817883172104969
2026-03-10,0.03200029012405393,0.1228602810216224,0.1429048917384086,0.167731703251569
2026-03-11,0.02498752171978301,0.1217345610952852,0.1325952084953887,0.1590206627493073
2026-03-12,0.3044335197458375,0.1209085195870753,0.1234393687542567,0.1504504271996443
2026-03-13,0.11293252742298623,0.1278295700091268,0.1552863296400926,0.1904722195894233
2026-03-16,0.2014529625789957,0.1284131543436712,0.1485793793004329,0.1907330278435712
2026-03-17,0.052267936222622734,0.1326996762348094,0.1491420527284639,0.1758572356443488
2026-03-18,0.27957325595543564,0.1319407280041311,0.1375341066985728,0.1608083389287526
2026-03-19,0.049089361499502694,0.135545391916055,0.1594851440109277,0.1940642851647195
2026-03-20,0.28728536971090174,0.135190566277331,0.1476772557694137,0.1842011037547481
2026-03-23,0.20781601548814088,0.1366462305152412,0.1680614996583874,0.2145405041557083
2026-03-24,0.06689867143192245,0.1275043522041944,0.1656497994106127,0.1963856033082021
2026-03-25,0.11056499820729976,0.1260957562339873,0.1539425199811113,0.1888157109597867
2026-03-26,0.3585237443511809,0.1279180732306461,0.1444783878694205,0.1728574045319667
2026-03-27,0.34218596241108823,0.1363131792466721,0.1806156595597957,0.218766321158789
2026-03-30,0.06663069739194886,0.1377710997377136,0.201908663035968,0.2524904893875445
2026-03-31,0.5700808991600179,0.1375032919482536,0.1854047420737715,0.2365286766194172
2026-04-01,0.14934241507312998,0.1641711319662586,0.2466768476780065,0.220546789087199
2026-04-02,0.017907252168562038,0.1651870326017502,0.2271007720037259,0.2006616888083388
2026-04-06,0.09382253704402307,0.1652844117152715,0.2056543271409696,0.1816897720754085
2026-04-07,0.008752213743379316,0.1643210888954762,0.1883520680053648,0.1664631996387718
2026-04-08,0.5003917105738602,0.1622286973410383,0.1715500824214439,0.1522191478637246
2026-04-09,0.11444909289111013,0.1777534186569227,0.2213476941323186,0.1466856300280942
2026-04-10,0.013170873782486905,0.176767834612617,0.2032552491224789,0.1364626497053302
2026-04-13,0.19348623507991364,0.1761283333623632,0.1850433387247947,0.1291863295440815
2026-04-14,0.24096212776468226,0.1779847905977795,0.1781158293689258,0.1222226134701067
2026-04-15,0.15638052389879672,0.1813628766603627,0.1780158822424628,0.1167626589485958
2026-04-16,0.048830789912674706,0.1803540530928143,0.1686774075118711,0.1107571534318726
2026-04-17,0.23901230836269546,0.1795185644757149,0.1546809184760565,0.1039433929661952
2026-04-20,0.03982605424438115,0.1812419138713011,0.1591703493016756,0.1005748564018878
2026-04-21,0.13068356548248025,0.1762047410853295,0.147137442358683,0.1015498723625061
2026-04-22,0.20046516091127597,0.1765918459207726,0.1436041566578405,0.1173986308475688
2026-04-23,0.0773604364212567,0.1781392484798686,0.1450854750713192,0.1119380561516693
2026-04-24,0.1535839623422113,0.1786845939572471,0.1371038928078735,0.1174421464930017
2026-04-27,0.03424665633399098,0.1720546354607493,0.1342286310998863,0.1113181897041096
2026-04-28,0.09704885340529691,0.1703629554221331,0.1243797392962707,0.1042388067614889
2026-04-29,0.0030743156617513965,0.1701926997332943,0.1214218913858626,0.1139484765702393
2026-04-30,0.19697706496378256,0.1703160320929551,0.1133574060145708,0.1079077387499532
2026-05-01,0.05501707552686005,0.1646825315199026,0.1211415511671406,0.103493141105594
2026-05-04,0.07301974826918074,0.1639089241812916,0.1136088818611478,0.0975788829778335
2026-05-05,0.15897141471966633,0.1567495075997325,0.1103380568776076,0.1041681057380225
2026-05-06,0.2746346762115555,0.1559488102041193,0.1133796915471851,0.0996370437770865
2026-05-07,0.061095704532112674,0.1574963308286452,0.1350076258015893,0.097261194342965
2026-05-08,0.16358683293703205,0.1586790406636688,0.1274315388514872,0.1019632430679303
2026-05-11,0.045262289497701495,0.1452807825180905,0.1275078363714298,0.0977427603935452
2026-05-12,0.03016396536921015,0.1302268967013464,0.1187871702212005,0.092320591443482
2026-05-13,0.1110032334164508,0.1292964900428408,0.1119381443236994,0.0927407153898897
2026-05-14,0.15644656738821947,0.1085173604423257,0.1093516693744396,0.0887771879172591
2026-05-15,0.24078391488388076,0.1086108120545929,0.1122795337749712,0.0858776152359024
2026-05-18,0.014001767848247942,0.1183724739598587,0.1341978834757779,0.126501997607258
2026-05-19,0.13296466011597474,0.1191225100377416,0.1246210380198803,0.1205641363500916
2026-05-20,0.20287352604773723,0.1226098245319772,0.1256123031718192,0.1340845176328368
2026-05-21,0.039415937748478104,0.1063149226795724,0.1313489228683414,0.1266542198910274
2026-05-22,0.07806773520047194,0.1060499187941919,0.1219743491674509,0.1178595047637538
2026-05-26,0.1316442288367676,0.1055260183276723,0.1153643790908494,0.110634773344301
2026-05-27,0.003447080554350335,0.1042061121515193,0.1141639717451481,0.1049892671260676
2026-05-28,0.10945481063082386,0.100896823646829,0.1071364133859944,0.1000201279247915
2026-05-29,0.049506709938168685,0.1000533606117125,0.1052746732790873,0.0952497107511768
2026-06-01,0.05410473810133354,0.1000532553191889,0.0999044694639442,0.0901544524031172
2026-06-02,0.026998896818811118,0.0959210495238589,0.0955488488056088,0.0856616931417216
2026-06-03,0.14010421633779427,0.0951339712392156,0.0911664479802443,0.0812522663968344
2026-06-04,0.07503808530211002,0.0955270388642608,0.1010386730349434,0.1018774786564757
2026-06-05,0.5202394565442872,0.0927720738153303,0.0975776034297123,0.0964206774410019
2026-06-08,0.04499648046045898,0.1227978146503206,0.1966829560437641,0.2093838162953054
2026-06-09,0.058488863650589765,0.1213448923402163,0.1792200071024854,0.189815240221588
2026-06-10,0.31616648558540406,0.1219081596222158,0.1653931652766688,0.1820572110037811
2026-06-11,0.335323239384817,0.1304084571108653,0.1857287595072793,0.2176785264817281
2026-06-12,0.10731119993139787,0.1385724138863052,0.1981288221379756,0.2008506757331508
2026-06-15,0.3477835023208049,0.1367179812036532,0.1826205106540365,0.1833166634269087
2026-06-16,0.11896469608276447,0.1447351942795262,0.1979382272374427,0.1714863539852893
2026-06-17,0.25001987392261166,0.1456103006135766,0.185351397700453,0.1754676875457225
2026-06-18,0.20578796797846768,0.1497389694771313,0.1896863394386349,0.2004740050767681
2026-06-22,0.06271023167482229,0.1474423887716419,0.1832806484292628,0.1843250659956064
2026-06-23,0.29104350829208264,0.1474604520803791,0.1691307087923295,0.1779572215113757
2026-06-24,0.00922415530439323,0.1520829790468262,0.1839043931090438,0.2097899995366393
2026-06-25,0.02874122034081282,0.151918804981073,0.1679317397714883,0.192171029847038
2026-06-26,0.14439628972019664,0.1519363305136219,0.1537279620186099,0.1747813788389722
2026-06-29,0.3251088943538162,0.1523288646668875,0.1505187725631084,0.1822907535748271
2026-06-30,0.1543241389047649,0.1582483318888277,0.1705250148167479,0.1702875786080405
2026-07-01,0.026927297341462052,0.1557548382550605,0.1621596449715606,0.1575547178045583
2026-07-02,0.026161584310156232,0.1558071855529744,0.1492850472467781,0.1495817573152287
2026-07-06,0.17288498059246032,0.1544559966716064,0.1380535106582597,0.1425322783303236
2026-07-07,0.0947679273434034,0.1537007679054335,0.1371743807111684,0.1336372947388947
2026-07-08,0.061561650409517374,0.1543902988974549,0.1318232097256403,0.1390865830497883
2026-07-09,0.16771358513486273,0.1543022623231674,0.1248684203043805,0.1390142406928551
2026-07-10,0.08556956159607083,0.1550577514799082,0.1259349152517256,0.1305716305995864
2026-07-13,0.15291141157066357,0.1555218714283591,0.1192314986515859,0.1220357615389068
2026-07-14,0.07051754495001315,0.1563719896820884,0.124029864817143,0.138663777036394
2026-07-15,0.0787036168458375,0.1565569546493716,0.1168063903177806,0.1289417339869419
2026-07-16,0.1081005809296745,0.156792626791575,0.1110987334921591,0.1205076473275169
2026-07-17,0.19789220206144337,0.1574859681487878,0.1118731739384623,0.1298489429694343
2026-07-20,0.03214521240526831,0.1587853047121359,0.1257002652517972,0.1531391119182584
2026-07-21,0.16526824138128193,0.1583219231400904,0.1180302108689097,0.1466016534848244
2026-07-22,0.02314706574453179,0.1404572778510219,0.1202050153598753,0.137181621895299
2026-07-23,0.2472279783083516,0.140449019780518,0.1129707095117182,0.1313629450098723
2026-07-24,0.020204061009948072,0.1450559277578252,0.1357764042315265,0.163432164474048
2026-07-27,0.004308465679512785,0.136867804100897,0.1257038977223851,0.149909617909537
2026-07-28,0.04758898561597264,0.1280123996192821,0.117047071903104,0.1385950667184074
2026-07-29,0.3085250963689609,0.127236352787055,0.1099618591737591,0.1285713938798467
2026-07-30,0.3308026726206429,0.12383256147009,0.147045388421442,0.1732118557708136
2026-07-31,0.14273236970638045,0.1330116018438235,0.1688768200615658,0.1626005551485216
2026-08-03,0.2813761307034874,0.1294496735594669,0.1598025133478388,0.1508313562224816
2026-08-04,0.35550528392584185,0.132430319162659,0.1694647795986991,0.142465509968235
2026-08-05,0.03976359397943656,0.1411416334085623,0.1894311260953486,0.1361842329145866
2026-08-06,0.03181510517947838,0.1333785800484113,0.1736530988198923,0.1329200426700615
2026-08-07,0.12129889895300028,0.1335721433338906,0.159576931164726,0.1288925429602432
2026-08-10,0.005918207722622157,0.1342137121153865,0.1502438357875587,0.1210453323250518
2026-08-11,0.06367385513351942,0.1316582415804348,0.1384913626395651,0.1146917245434924
2026-08-12,0.049769823027489994,0.1251240932171161,0.1306468102559264,0.1177101128938563
2026-08-13,0.13833960938006107,0.1236878503994231,0.1217095463025856,0.1102008269057929
2026-08-14,0.039426876171627045,0.124579113073004,0.1200384160340512,0.1047653922495909
2026-08-17,0.09427749998807289,0.1247205431200196,0.113543207468835,0.1052433761312547
2026-08-18,0.13486689961491827,0.1239548577962003,0.1123399936969823,0.1143341047235137
2026-08-19,0.04169431990682895,0.1248941493361415,0.1161999743539326,0.1289922672362241
2026-08-20,0.16782799718395786,0.1243678759001843,0.1090831027003731,0.1200496224324858
2026-08-21,0.08123261630904909,0.1252642005008571,0.1186024711544111,0.1395714863884234
2026-08-24,0.05854793788419461,0.1252079942153753,0.1127635590734942,0.1298831320499631
2026-08-25,0.0634841696198412,0.1232621879509736,0.1085854255153302,0.1302217817973932
2026-08-26,0.004416675086147194,0.1231938033429393,0.1033620932970741,0.12142769339401
2026-08-27,0.129947267514928,0.1227894869256266,0.0979111837763958,0.1135576678696996
2026-08-28,0.045204414375729564,0.1226671559584347,0.100028686102766,0.1076245854934676
